ТЦ/ТРК,Бренд до,Бренд после,Ключ до,Ключ после,Причина
Авиапарк,A Secret Knowledge,A Secret Knowledge,asecretknowledge,a secret knowledge,очистка заголовка/алиас
Авиапарк,Abrau club by cocos,Abrau club by cocos,abrauclubbycocos,abrau club by cocos,очистка заголовка/алиас
Авиапарк,ALL WE NEED MAN,ALL WE NEED MAN,allweneedman,all we need man,очистка заголовка/алиас
Авиапарк,ALÁBEL,ALÁBEL,albel,alabel,очистка заголовка/алиас
Авиапарк,ANGELINA ZHOROVA ATELIER,ANGELINA ZHOROVA ATELIER,angelinazhorovaatelier,angelina zhorova atelier,очистка заголовка/алиас
Авиапарк,ANNI HAUS,ANNI HAUS,annihaus,anni haus,очистка заголовка/алиас
Авиапарк,Arya Home,Arya Home,aryahome,arya home,очистка заголовка/алиас
Авиапарк,Asya Semyonova,Asya Semyonova,asyasemyonova,asya semyonova,очистка заголовка/алиас
Авиапарк,AVA Bistro,AVA Bistro,avabistro,ava bistro,очистка заголовка/алиас
Авиапарк,AVA Daily,AVA Daily,avadaily,ava daily,очистка заголовка/алиас
Авиапарк,A|X Armani Exchange,A|X Armani Exchange,axarmaniexchange,a x armani exchange,очистка заголовка/алиас
Авиапарк,Bat Norton®,Bat Norton®,batnorton,bat norton,очистка заголовка/алиас
Авиапарк,Beauty Boutique,Beauty Boutique,beautyboutique,beauty boutique,очистка заголовка/алиас
Авиапарк,Beefology Meat Point,Beefology Meat Point,beefologymeatpoint,beefology meat point,очистка заголовка/алиас
Авиапарк,BlackBörk,BlackBörk,blackbrk,blackbork,очистка заголовка/алиас
Авиапарк,BOSS Menswear,BOSS Menswear,bossmenswear,boss menswear,очистка заголовка/алиас
Авиапарк,Bouquet Flowers,Bouquet Flowers,bouquetflowers,bouquet flowers,очистка заголовка/алиас
Авиапарк,Brow & Go,Brow & Go,browgo,brow и go,очистка заголовка/алиас
Авиапарк,Bổ,Bổ,b,bo,очистка заголовка/алиас
Авиапарк,Carter’s Oshkosh B’gosh,Carter’s Oshkosh B’gosh,cartersoshkoshbgosh,carter s oshkosh b gosh,очистка заголовка/алиас
Авиапарк,CNS — COINED IN STONE,CNS — COINED IN STONE,cnscoinedinstone,cns coined in stone,очистка заголовка/алиас
Авиапарк,Cofix Street Food,Cofix Street Food,cofixstreetfood,cofix street food,очистка заголовка/алиас
Авиапарк,Colette Adony,Colette Adony,coletteadony,colette adony,очистка заголовка/алиас
Авиапарк,Crazy Cart,Crazy Cart,crazycart,crazy cart,очистка заголовка/алиас
Авиапарк,DimSum&Co,DimSum&Co,dimsumco,dimsum и co,очистка заголовка/алиас
Авиапарк,Doctor Elli,Doctor Elli,doctorelli,doctor elli,очистка заголовка/алиас
Авиапарк,Dolce Milk,Dolce Milk,dolcemilk,dolce milk,очистка заголовка/алиас
Авиапарк,Dream.Tea,Dream.Tea,dreamtea,dream tea,очистка заголовка/алиас
Авиапарк,DRESS YOUR DEVICE,DRESS YOUR DEVICE,dressyourdevice,dress your device,очистка заголовка/алиас
Авиапарк,Elle Land,Elle Land,elleland,elle land,очистка заголовка/алиас
Авиапарк,Eve&Esther,Eve&Esther,eveesther,eve и esther,очистка заголовка/алиас
Авиапарк,F3 Studio,F3 Studio,f3studio,f3 studio,очистка заголовка/алиас
Авиапарк,Flower Bar,Flower Bar,flowerbar,flower bar,очистка заголовка/алиас
Авиапарк,Fluffy Fluffy,Fluffy Fluffy,fluffyfluffy,fluffy fluffy,очистка заголовка/алиас
Авиапарк,Garda Decor,Garda Decor,gardadecor,garda decor,очистка заголовка/алиас
Авиапарк,Han Cook,Han Cook,hancook,han cook,очистка заголовка/алиас
Авиапарк,Harry Cooper,Harry Cooper,harrycooper,harry cooper,очистка заголовка/алиас
Авиапарк,Hoff (пункт выдачи),Hoff (пункт выдачи),hoffпунктвыдачи,hoff пункт выдачи,очистка заголовка/алиас
Авиапарк,HOMME+LESS,HOMME+LESS,hommeless,homme less,очистка заголовка/алиас
Авиапарк,HULU FRUITS,HULU FRUITS,hulufruits,hulu fruits,очистка заголовка/алиас
Авиапарк,humbl cookies,humbl cookies,humblcookies,humbl cookies,очистка заголовка/алиас
Авиапарк,IUMAN Intimissimi Uomo,IUMAN Intimissimi Uomo,iumanintimissimiuomo,iuman intimissimi uomo,очистка заголовка/алиас
Авиапарк,Joki Joya,Joki Joya,jokijoya,joki joya,очистка заголовка/алиас
Авиапарк,Juice City,Juice City,juicecity,juice city,очистка заголовка/алиас
Авиапарк,KARATOV Бриллиантовый дом,KARATOV Бриллиантовый дом,karatovбриллиантовыйдом,karatov бриллиантовый дом,очистка заголовка/алиас
Авиапарк,Kiko Milano,Kiko Milano,kikomilano,kiko milano,очистка заголовка/алиас
Авиапарк,Korea market,Korea market,koreamarket,korea market,очистка заголовка/алиас
Авиапарк,Krunchy Dream,Krunchy Dream,krunchydream,krunchy dream,очистка заголовка/алиас
Авиапарк,Kuchenland,Kuchenland Home,kuchenland,kuchenland home,очистка заголовка/алиас
Авиапарк,L&S Service House,L&S Service House,lsservicehouse,l и s service house,очистка заголовка/алиас
Авиапарк,La Prima,La Prima,laprima,la prima,очистка заголовка/алиас
Авиапарк,La Trevi,La Trevi,latrevi,la trevi,очистка заголовка/алиас
Авиапарк,Lapin House,Lapin House,lapinhouse,lapin house,очистка заголовка/алиас
Авиапарк,LBD.moda,LBD.moda,lbdmoda,lbd moda,очистка заголовка/алиас
Авиапарк,Li-Ning,Li-Ning,lining,li ning,очистка заголовка/алиас
Авиапарк,LIMÉ,LIMÉ,lim,lime,очистка заголовка/алиас
Авиапарк,LN Family,LN Family,lnfamily,ln family,очистка заголовка/алиас
Авиапарк,Long River,Long River,longriver,long river,очистка заголовка/алиас
Авиапарк,Loona Pasta & Pizza,Loona Pasta & Pizza,loonapastapizza,loona pasta и pizza,очистка заголовка/алиас
Авиапарк,LORENA кухни и мебель,LORENA кухни и мебель,lorenaкухниимебель,lorena кухни и мебель,очистка заголовка/алиас
Авиапарк,Lulu Lit,Lulu Lit,lululit,lulu lit,очистка заголовка/алиас
Авиапарк,Mac Factory (mac&cheese),Mac Factory (mac&cheese),macfactorymaccheese,mac factory mac и cheese,очистка заголовка/алиас
Авиапарк,Mark Eat,Mark Eat,markeat,mark eat,очистка заголовка/алиас
Авиапарк,Mary Wong,Mary Wong,marywong,mary wong,очистка заголовка/алиас
Авиапарк,Mátes,Mátes,mtes,m tes,очистка заголовка/алиас
Авиапарк,Mega Ice,Mega Ice,megaice,mega ice,очистка заголовка/алиас
Авиапарк,Merry Perry,Merry Perry,merryperry,merry perry,очистка заголовка/алиас
Авиапарк,Mesh’n’flesh,Mesh’n’flesh,meshnflesh,mesh n flesh,очистка заголовка/алиас
Авиапарк,Michael Kors,Michael Kors,michaelkors,michael kors,очистка заголовка/алиас
Авиапарк,MOON ДИВАНЫ,MOON ДИВАНЫ,moonдиваны,moon диваны,очистка заголовка/алиас
Авиапарк,Mr. Falafel,Mr. Falafel,mrfalafel,mr falafel,очистка заголовка/алиас
Авиапарк,Mr.Doors,Mr.Doors,mrdoors,mr doors,очистка заголовка/алиас
Авиапарк,My Nymph,My Nymph,mynymph,my nymph,очистка заголовка/алиас
Авиапарк,NOMINATION ITALY,NOMINATION ITALY,nominationitaly,nomination italy,очистка заголовка/алиас
Авиапарк,NSP (Nike Special Project),NSP (Nike Special Project),nspnikespecialproject,nsp nike special project,очистка заголовка/алиас
Авиапарк,Park Arena,Park Arena,parkarena,park arena,очистка заголовка/алиас
Авиапарк,Passý,Passý,pass,passy,очистка заголовка/алиас
Авиапарк,Pegas Touristik,Pegas Touristik,pegastouristik,pegas touristik,очистка заголовка/алиас
Авиапарк,Pel-Meni,Pel-Meni,pelmeni,pel meni,очистка заголовка/алиас
Авиапарк,Petit Bateau,Petit Bateau,petitbateau,petit bateau,очистка заголовка/алиас
Авиапарк,Planta Rosa,Planta Rosa,plantarosa,planta rosa,очистка заголовка/алиас
Авиапарк,Plovbox & Grill,Plovbox & Grill,plovboxgrill,plovbox и grill,очистка заголовка/алиас
Авиапарк,Poke Love,Poke Love,pokelove,poke love,очистка заголовка/алиас
Авиапарк,post post scriptum,post post scriptum,postpostscriptum,post post scriptum,очистка заголовка/алиас
Авиапарк,Present & Simple,Present & Simple,presentsimple,present и simple,очистка заголовка/алиас
Авиапарк,PRO WOK,PRO WOK,prowok,pro wok,очистка заголовка/алиас
Авиапарк,Re Kids,Re Kids,rekids,re kids,очистка заголовка/алиас
Авиапарк,RONI Green House,RONI Green House,ronigreenhouse,roni green house,очистка заголовка/алиас
Авиапарк,Rēfert,Rēfert,rfert,refert,очистка заголовка/алиас
Авиапарк,S-Style,S-Style,sstyle,s style,очистка заголовка/алиас
Авиапарк,Saint Vandal,Saint Vandal,saintvandal,saint vandal,очистка заголовка/алиас
Авиапарк,Scandale Maniere,Scandale Maniere,scandalemaniere,scandale maniere,очистка заголовка/алиас
Авиапарк,Secret Crush,Secret Crush,secretcrush,secret crush,очистка заголовка/алиас
Авиапарк,SELA.premium,SELA.premium,selapremium,sela premium,очистка заголовка/алиас
Авиапарк,SEMINNA JEWEL,SEMINNA JEWEL,seminnajewel,seminna jewel,очистка заголовка/алиас
Авиапарк,SHAKE UP,SHAKE UP,shakeup,shake up,очистка заголовка/алиас
Авиапарк,SHI SAY,SHI SAY,shisay,shi say,очистка заголовка/алиас
Авиапарк,Siam Bangkok,Siam Bangkok,siambangkok,siam bangkok,очистка заголовка/алиас
Авиапарк,SOLE FRESH,SOLE FRESH,solefresh,sole fresh,очистка заголовка/алиас
Авиапарк,Space Case,Space Case,spacecase,space case,очистка заголовка/алиас
Авиапарк,Sport By Smartdevice,Sport By Smartdevice,sportbysmartdevice,sport by smartdevice,очистка заголовка/алиас
Авиапарк,STUDIO 29,STUDIO 29,studio29,studio 29,очистка заголовка/алиас
Авиапарк,Sun Kiss,Sun Kiss,sunkiss,sun kiss,очистка заголовка/алиас
Авиапарк,SWG Светодиодное освещение,SWG Светодиодное освещение,swgсветодиодноеосвещение,swg светодиодное освещение,очистка заголовка/алиас
Авиапарк,Take it,Take it,takeit,take it,очистка заголовка/алиас
Авиапарк,Tgi Fridays,Tgi Fridays,tgifridays,tgi fridays,очистка заголовка/алиас
Авиапарк,Theobroma «Пища Богов»,Theobroma «Пища Богов»,theobromaпищабогов,theobroma пища богов,очистка заголовка/алиас
Авиапарк,TI БАЛКОН,TI БАЛКОН,tiбалкон,ti балкон,очистка заголовка/алиас
Авиапарк,TI ЛЕКТОРИЙ,TI ЛЕКТОРИЙ,tiлекторий,ti лекторий,очистка заголовка/алиас
Авиапарк,TopTop.ru,TopTop.ru,toptopru,toptop ru,очистка заголовка/алиас
Авиапарк,Torro Grill,Torro Grill,torrogrill,torro grill,очистка заголовка/алиас
Авиапарк,TOYS PRO,TOYS PRO,toyspro,toys pro,очистка заголовка/алиас
Авиапарк,Trend Island,Trend Island,trendisland,trend island,очистка заголовка/алиас
Авиапарк,TRUE RED,TRUE RED,truered,true red,очистка заголовка/алиас
Авиапарк,Tsleep Premium Bedrooms,Tsleep Premium Bedrooms,tsleeppremiumbedrooms,tsleep premium bedrooms,очистка заголовка/алиас
Авиапарк,Two Seasons,Two Seasons,twoseasons,two seasons,очистка заголовка/алиас
Авиапарк,U.S. Polo Assn. (AR Fashion),U.S. Polo Assn.,uspoloassnarfashion,u s polo assn,очистка заголовка/алиас
Авиапарк,Usual Suspects,Usual Suspects,usualsuspects,usual suspects,очистка заголовка/алиас
Авиапарк,Victoria Tretyak,Victoria Tretyak,victoriatretyak,victoria tretyak,очистка заголовка/алиас
Авиапарк,Vigge Cafe,Vigge Cafe,viggecafe,vigge cafe,очистка заголовка/алиас
Авиапарк,Villeroy & Boch,Villeroy & Boch,villeroyboch,villeroy и boch,очистка заголовка/алиас
Авиапарк,Viva La Vika,Viva La Vika,vivalavika,viva la vika,очистка заголовка/алиас
Авиапарк,Viva La Vita,Viva La Vita,vivalavita,viva la vita,очистка заголовка/алиас
Авиапарк,VUA-LYA,VUA-LYA,vualya,vua lya,очистка заголовка/алиас
Авиапарк,WILLIAMS OLIVER,Williams Et Oliver,williamsoliver,williams et oliver,очистка заголовка/алиас
Авиапарк,ÉCLATA,ÉCLATA,clata,eclata,очистка заголовка/алиас
Авиапарк,Азбука Фермы,Азбука Фермы,азбукафермы,азбука фермы,очистка заголовка/алиас
Авиапарк,"АО КБ ""Модульбанк""","АО КБ ""Модульбанк""",аокбмодульбанк,ао кб модульбанк,очистка заголовка/алиас
Авиапарк,Аптека 36.6,36.6,аптека366,36 6,очистка заголовка/алиас
Авиапарк,Аэротруба I Can Fly,Аэротруба I Can Fly,аэротрубаicanfly,аэротруба i can fly,очистка заголовка/алиас
Авиапарк,Банк Россия,Банк Россия,банкроссия,банк россия,очистка заголовка/алиас
Авиапарк,Банкомат Альфа-Банк,Альфа-Банк,банкоматальфабанк,альфа банк,очистка заголовка/алиас
Авиапарк,Банкомат Газпромбанк,Газпромбанк,банкоматгазпромбанк,газпромбанк,очистка заголовка/алиас
Авиапарк,Банкомат Московский Кредитный Банк,Московский Кредитный Банк,банкоматмосковскийкредитныйбанк,московский кредитный банк,очистка заголовка/алиас
Авиапарк,"Банкомат ПАО ""МТС-Банк""","ПАО ""МТС-Банк""",банкоматпаомтсбанк,пао мтс банк,очистка заголовка/алиас
Авиапарк,Банкомат Промсвязьбанк,Промсвязьбанк,банкоматпромсвязьбанк,промсвязьбанк,очистка заголовка/алиас
Авиапарк,Банкомат Т‑Банк,Т‑Банк,банкоматтбанк,т банк,очистка заголовка/алиас
Авиапарк,ББ&Бургерс,ББ&Бургерс,бббургерс,бб и бургерс,очистка заголовка/алиас
Авиапарк,Бей Дондурма,Бей Дондурма,бейдондурма,бей дондурма,очистка заголовка/алиас
Авиапарк,Весёлая Затея,Весёлая Затея,веселаязатея,веселая затея,очистка заголовка/алиас
Авиапарк,Время Футбола,Время Футбола,времяфутбола,время футбола,очистка заголовка/алиас
Авиапарк,ВТБ (ПАО),ВТБ (ПАО),втбпао,втб пао,очистка заголовка/алиас
Авиапарк,ГОША РУБЧИНСКИЙ,ГОША РУБЧИНСКИЙ,гошарубчинский,гоша рубчинский,очистка заголовка/алиас
Авиапарк,Дагестанская лавка,Дагестанская лавка,дагестанскаялавка,дагестанская лавка,очистка заголовка/алиас
Авиапарк,День Сурка,День Сурка,деньсурка,день сурка,очистка заголовка/алиас
Авиапарк,ДЕТСКИЙ КЛУБ АВИАПАРКА,ДЕТСКИЙ КЛУБ АВИАПАРКА,детскийклубавиапарка,детский клуб авиапарка,очистка заголовка/алиас
Авиапарк,"Детский парк развлечений ""Опушка""","Детский парк развлечений ""Опушка""",детскийпаркразвлеченийопушка,детский парк развлечений опушка,очистка заголовка/алиас
Авиапарк,"Дымов ""Гриль Дог""","Дымов ""Гриль Дог""",дымовгрильдог,дымов гриль дог,очистка заголовка/алиас
Авиапарк,ЖИВОЙ КОЛЛАГЕН,ЖИВОЙ КОЛЛАГЕН,живойколлаген,живой коллаген,очистка заголовка/алиас
Авиапарк,ЗОВ | Кухни Беларуси,ЗОВ | Кухни Беларуси,зовкухнибеларуси,зов кухни беларуси,очистка заголовка/алиас
Авиапарк,Индийская точка,Индийская точка,индийскаяточка,индийская точка,очистка заголовка/алиас
Авиапарк,Интерьерные решения ARISTO,Интерьерные решения ARISTO,интерьерныерешенияaristo,интерьерные решения aristo,очистка заголовка/алиас
Авиапарк,"Кантата, галерея вкусов","Кантата, галерея вкусов",кантатагалереявкусов,кантата галерея вкусов,очистка заголовка/алиас
Авиапарк,Каро Sky 17,Каро Sky 17,кароsky17,каро sky 17,очистка заголовка/алиас
Авиапарк,КЕУ МЕ,КЕУ МЕ,кеуме,кеу ме,очистка заголовка/алиас
Авиапарк,Киоск Tissot / CK часы,Киоск Tissot / CK часы,киоскtissotckчасы,киоск tissot ck часы,очистка заголовка/алиас
Авиапарк,Колбасный цех,Колбасный цех,колбасныйцех,колбасный цех,очистка заголовка/алиас
Авиапарк,Кофейня «Лалибела кофе»,Лалибела кофе,кофейнялалибелакофе,лалибела кофе,очистка заголовка/алиас
Авиапарк,Красная Машина,Красная Машина,краснаямашина,красная машина,очистка заголовка/алиас
Авиапарк,Кухни Мария,Кухни Мария,кухнимария,кухни мария,очистка заголовка/алиас
Авиапарк,Кухня Кипра,Кухня Кипра,кухнякипра,кухня кипра,очистка заголовка/алиас
Авиапарк,Леонардо - Хобби-гипермаркет,Леонардо - Хобби-гипермаркет,леонардохоббигипермаркет,леонардо хобби гипермаркет,очистка заголовка/алиас
Авиапарк,ЛЕПИМ и ВАРИМ,ЛЕПИМ и ВАРИМ,лепимиварим,лепим и варим,очистка заголовка/алиас
Авиапарк,М.Видео (пункт выдачи),М.Видео (пункт выдачи),мвидеопунктвыдачи,м видео пункт выдачи,очистка заголовка/алиас
Авиапарк,МАГАЗИН ЧЕХЛОВ,ЧЕХЛОВ,магазинчехлов,чехлов,очистка заголовка/алиас
Авиапарк,Мармеладная бочка,Мармеладная бочка,мармеладнаябочка,мармеладная бочка,очистка заголовка/алиас
Авиапарк,Мастерская деревянных изделий Masterskaya_Nhome,Мастерская деревянных изделий Masterskaya_Nhome,мастерскаядеревянныхизделийmasterskayanhome,мастерская деревянных изделий masterskaya nhome,очистка заголовка/алиас
Авиапарк,Мастерская упаковки,Мастерская упаковки,мастерскаяупаковки,мастерская упаковки,очистка заголовка/алиас
Авиапарк,Мастерская Филиуса - Создай игрушку,Мастерская Филиуса - Создай игрушку,мастерскаяфилиусасоздайигрушку,мастерская филиуса создай игрушку,очистка заголовка/алиас
Авиапарк,Мебель BELFAN,Мебель BELFAN,мебельbelfan,мебель belfan,очистка заголовка/алиас
Авиапарк,МЕБЕЛЬРУМ (пункт выдачи),МЕБЕЛЬРУМ (пункт выдачи),мебельрумпунктвыдачи,мебельрум пункт выдачи,очистка заголовка/алиас
Авиапарк,Модный ёж,Модный ёж,модныйеж,модный еж,очистка заголовка/алиас
Авиапарк,Мороженое от Мурены Насти,Мороженое от Мурены Насти,мороженоеотмуренынасти,мороженое от мурены насти,очистка заголовка/алиас
Авиапарк,"Мороженое Чистая Линия ""О'Эскимо""","Мороженое Чистая Линия ""О'Эскимо""",мороженоечистаялинияоэскимо,мороженое чистая линия о эскимо,очистка заголовка/алиас
Авиапарк,На облачке,На облачке,наоблачке,на облачке,очистка заголовка/алиас
Авиапарк,На Районе,На Районе,нарайоне,на районе,очистка заголовка/алиас
Авиапарк,ОГОГО Обстановочка!,ОГОГО Обстановочка!,огогообстановочка,огого обстановочка,очистка заголовка/алиас
Авиапарк,Оптика Фаворит,Оптика Фаворит,оптикафаворит,оптика фаворит,очистка заголовка/алиас
Авиапарк,Оренбургский пуховый платок ORENSHAL,Оренбургский пуховый платок ORENSHAL,оренбургскийпуховыйплатокorenshal,оренбургский пуховый платок orenshal,очистка заголовка/алиас
Авиапарк,Парфюмерия Gamma DORO,Парфюмерия Gamma DORO,парфюмерияgammadoro,парфюмерия gamma doro,очистка заголовка/алиас
Авиапарк,"Пекарня ""Хлеб с маслом""","Пекарня ""Хлеб с маслом""",пекарняхлебсмаслом,пекарня хлеб с маслом,очистка заголовка/алиас
Авиапарк,Рамен по - Ланьчжоуски,Рамен по - Ланьчжоуски,раменполаньчжоуски,рамен по ланьчжоуски,очистка заголовка/алиас
Авиапарк,Салон мужского белья Х.О.,мужского белья Х.О.,салонмужскогобельяхо,мужского белья х о,очистка заголовка/алиас
Авиапарк,"САЛОН МЯГКОЙ МЕБЕЛИ ""ЕЛЕНА""",ЕЛЕНА,салонмягкоймебелиелена,елена,очистка заголовка/алиас
Авиапарк,Салон связи t2,t2,салонсвязиt2,t2,очистка заголовка/алиас
Авиапарк,Сами с Усами,Сами с Усами,самисусами,сами с усами,очистка заголовка/алиас
Авиапарк,Сеть Автомоек TopClean,Сеть Автомоек TopClean,сетьавтомоекtopclean,сеть автомоек topclean,очистка заголовка/алиас
Авиапарк,Сеть кофеен One&Double,Сеть кофеен One&Double,сетькофеенonedouble,сеть кофеен one и double,очистка заголовка/алиас
Авиапарк,Скорость света,Скорость света,скоростьсвета,скорость света,очистка заголовка/алиас
Авиапарк,Стильные Кухни и Интерьеры,Стильные Кухни и Интерьеры,стильныекухнииинтерьеры,стильные кухни и интерьеры,очистка заголовка/алиас
Авиапарк,Танго kids,Танго kids,тангоkids,танго kids,очистка заголовка/алиас
Авиапарк,ТИР ПУШКА,ТИР ПУШКА,тирпушка,тир пушка,очистка заголовка/алиас
Авиапарк,Тренд лаб,Тренд лаб,трендлаб,тренд лаб,очистка заголовка/алиас
Авиапарк,Турагентство Coral Travel,Турагентство Coral Travel,турагентствоcoraltravel,турагентство coral travel,очистка заголовка/алиас
Авиапарк,Угличский Часовой Завод (УЧЗ),Угличский Часовой Завод (УЧЗ),угличскийчасовойзаводучз,угличский часовой завод учз,очистка заголовка/алиас
Авиапарк,Фабрика мебели «8 марта»,Фабрика мебели «8 марта»,фабрикамебели8марта,фабрика мебели 8 марта,очистка заголовка/алиас
Авиапарк,Фабрика Счастья,Фабрика Счастья,фабрикасчастья,фабрика счастья,очистка заголовка/алиас
Авиапарк,Фотостудия LiloPhoto,Фотостудия LiloPhoto,фотостудияlilophoto,фотостудия lilophoto,очистка заголовка/алиас
Авиапарк,"Футбольная школа ФК ""Динамо"" Москва","Футбольная школа ФК ""Динамо"" Москва",футбольнаяшколафкдинамомосква,футбольная школа фк динамо москва,очистка заголовка/алиас
Авиапарк,Хард Кейс Сток,Хард Кейс Сток,хардкейссток,хард кейс сток,очистка заголовка/алиас
Авиапарк,Химчистка Лотос,Лотос,химчисткалотос,лотос,очистка заголовка/алиас
Авиапарк,Хозяюшка Химчистка - Прачечная - Ателье,Хозяюшка Химчистка - Прачечная - Ателье,хозяюшкахимчисткапрачечнаяателье,хозяюшка химчистка прачечная ателье,очистка заголовка/алиас
Авиапарк,Чайхона №1,Чайхона №1,чайхонаno1,чайхона no1,очистка заголовка/алиас
Авиапарк,Чао Пицца,Чао Пицца,чаопицца,чао пицца,очистка заголовка/алиас
Авиапарк,"Часы ""Ракета""","Часы ""Ракета""",часыракета,часы ракета,очистка заголовка/алиас
Авиапарк,Чебурешная by Mironov,Чебурешная by Mironov,чебурешнаяbymironov,чебурешная by mironov,очистка заголовка/алиас
Авиапарк,ЮНИСТРИМ БАНК,ЮНИСТРИМ БАНК,юнистримбанк,юнистрим банк,очистка заголовка/алиас
Авиапарк,Яндекс.Драйв,Яндекс.Драйв,яндексдрайв,яндекс драйв,очистка заголовка/алиас
Авиапарк,Японские ножи Тоджиро,Японские ножи Тоджиро,японскиеножитоджиро,японские ножи тоджиро,очистка заголовка/алиас
