ТЦ/ТРК,Арендатор / бренд,Источник,Источник URL,Статус подтверждения
KazanMall,12Storeez,официальный сайт,javascript:void(0);,"подтверждено официальным сайтом, автосверка 2026-07-16"
KazanMall,2MOOD,официальный сайт,javascript:void(0);,"подтверждено официальным сайтом, автосверка 2026-07-16"
KazanMall,2scoop,официальный сайт,javascript:void(0);,"подтверждено официальным сайтом, автосверка 2026-07-16"
KazanMall,Acoola,официальный сайт,javascript:void(0);,"подтверждено официальным сайтом, автосверка 2026-07-16"
KazanMall,ADAMAS,официальный сайт,javascript:void(0);,"подтверждено официальным сайтом, автосверка 2026-07-16"
KazanMall,All We Need,официальный сайт,javascript:void(0);,"подтверждено официальным сайтом, автосверка 2026-07-16"
KazanMall,AllTime,официальный сайт,javascript:void(0);,"подтверждено официальным сайтом, автосверка 2026-07-16"
KazanMall,ANTA SPORTS,официальный сайт,javascript:void(0);,"подтверждено официальным сайтом, автосверка 2026-07-16"
KazanMall,ASK!,официальный сайт,javascript:void(0);,"подтверждено официальным сайтом, автосверка 2026-07-16"
KazanMall,Askona,официальный сайт,javascript:void(0);,"подтверждено официальным сайтом, автосверка 2026-07-16"
KazanMall,Baden,официальный сайт,javascript:void(0);,"подтверждено официальным сайтом, автосверка 2026-07-16"
KazanMall,BAON,официальный сайт,javascript:void(0);,"подтверждено официальным сайтом, автосверка 2026-07-16"
KazanMall,Befree,официальный сайт,javascript:void(0);,"подтверждено официальным сайтом, автосверка 2026-07-16"
KazanMall,BEGÉ,официальный сайт,javascript:void(0);,"подтверждено официальным сайтом, автосверка 2026-07-16"
KazanMall,BORK,официальный сайт,javascript:void(0);,"подтверждено официальным сайтом, автосверка 2026-07-16"
KazanMall,Brusnika,официальный сайт,javascript:void(0);,"подтверждено официальным сайтом, автосверка 2026-07-16"
KazanMall,BunglyBoo,официальный сайт,javascript:void(0);,"подтверждено официальным сайтом, автосверка 2026-07-16"
KazanMall,Cacharel,официальный сайт,javascript:void(0);,"подтверждено официальным сайтом, автосверка 2026-07-16"
KazanMall,CALLIOPE,официальный сайт,javascript:void(0);,"подтверждено официальным сайтом, автосверка 2026-07-16"
KazanMall,Calzedonia,официальный сайт,javascript:void(0);,"подтверждено официальным сайтом, автосверка 2026-07-16"
KazanMall,Charuel,официальный сайт,javascript:void(0);,"подтверждено официальным сайтом, автосверка 2026-07-16"
KazanMall,Choupette,официальный сайт,javascript:void(0);,"подтверждено официальным сайтом, автосверка 2026-07-16"
KazanMall,CLAN VI,официальный сайт,javascript:void(0);,"подтверждено официальным сайтом, автосверка 2026-07-16"
KazanMall,CLEVER,официальный сайт,javascript:void(0);,"подтверждено официальным сайтом, автосверка 2026-07-16"
KazanMall,Colin's,официальный сайт,javascript:void(0);,"подтверждено официальным сайтом, автосверка 2026-07-16"
KazanMall,COZY HOME,официальный сайт,javascript:void(0);,"подтверждено официальным сайтом, автосверка 2026-07-16"
KazanMall,CR,официальный сайт,javascript:void(0);,"подтверждено официальным сайтом, автосверка 2026-07-16"
KazanMall,Cuvee,официальный сайт,javascript:void(0);,"подтверждено официальным сайтом, автосверка 2026-07-16"
KazanMall,Demix,официальный сайт,javascript:void(0);,"подтверждено официальным сайтом, автосверка 2026-07-16"
KazanMall,DNS,официальный сайт,javascript:void(0);,"подтверждено официальным сайтом, автосверка 2026-07-16"
KazanMall,DR. SADYKOVA,официальный сайт,javascript:void(0);,"подтверждено официальным сайтом, автосверка 2026-07-16"
KazanMall,ECCO,официальный сайт,javascript:void(0);,"подтверждено официальным сайтом, автосверка 2026-07-16"
KazanMall,Edalin jewelry,официальный сайт,javascript:void(0);,"подтверждено официальным сайтом, автосверка 2026-07-16"
KazanMall,EKONIKA,официальный сайт,javascript:void(0);,"подтверждено официальным сайтом, автосверка 2026-07-16"
KazanMall,Emka,официальный сайт,javascript:void(0);,"подтверждено официальным сайтом, автосверка 2026-07-16"
KazanMall,ENN,официальный сайт,javascript:void(0);,"подтверждено официальным сайтом, автосверка 2026-07-16"
KazanMall,Estel,официальный сайт,javascript:void(0);,"подтверждено официальным сайтом, автосверка 2026-07-16"
KazanMall,Finn Flare,официальный сайт,javascript:void(0);,"подтверждено официальным сайтом, автосверка 2026-07-16"
KazanMall,Francesco Donni,официальный сайт,javascript:void(0);,"подтверждено официальным сайтом, автосверка 2026-07-16"
KazanMall,FUNDAY,официальный сайт,javascript:void(0);,"подтверждено официальным сайтом, автосверка 2026-07-16"
KazanMall,Gamma D'Oro,официальный сайт,javascript:void(0);,"подтверждено официальным сайтом, автосверка 2026-07-16"
KazanMall,GEOX,официальный сайт,javascript:void(0);,"подтверждено официальным сайтом, автосверка 2026-07-16"
KazanMall,GIPFEL,официальный сайт,javascript:void(0);,"подтверждено официальным сайтом, автосверка 2026-07-16"
KazanMall,Gloria Jeans,официальный сайт,javascript:void(0);,"подтверждено официальным сайтом, автосверка 2026-07-16"
KazanMall,Gulliver,официальный сайт,javascript:void(0);,"подтверждено официальным сайтом, автосверка 2026-07-16"
KazanMall,HENDERSON,официальный сайт,javascript:void(0);,"подтверждено официальным сайтом, автосверка 2026-07-16"
KazanMall,INCANTO,официальный сайт,javascript:void(0);,"подтверждено официальным сайтом, автосверка 2026-07-16"
KazanMall,Intimissimi,официальный сайт,javascript:void(0);,"подтверждено официальным сайтом, автосверка 2026-07-16"
KazanMall,IRKE,официальный сайт,javascript:void(0);,"подтверждено официальным сайтом, автосверка 2026-07-16"
KazanMall,ISLAND SOUL JEWELRY,официальный сайт,javascript:void(0);,"подтверждено официальным сайтом, автосверка 2026-07-16"
KazanMall,KANZLER,официальный сайт,javascript:void(0);,"подтверждено официальным сайтом, автосверка 2026-07-16"
KazanMall,Kaporal,официальный сайт,javascript:void(0);,"подтверждено официальным сайтом, автосверка 2026-07-16"
KazanMall,Kari,официальный сайт,javascript:void(0);,"подтверждено официальным сайтом, автосверка 2026-07-16"
KazanMall,Kuchenland Home,официальный сайт,javascript:void(0);,"подтверждено официальным сайтом, автосверка 2026-07-16"
KazanMall,L`Occitane,официальный сайт,javascript:void(0);,"подтверждено официальным сайтом, автосверка 2026-07-16"
KazanMall,Lacoste,официальный сайт,javascript:void(0);,"подтверждено официальным сайтом, автосверка 2026-07-16"
KazanMall,Lavarice,официальный сайт,javascript:void(0);,"подтверждено официальным сайтом, автосверка 2026-07-16"
KazanMall,Lerella,официальный сайт,javascript:void(0);,"подтверждено официальным сайтом, автосверка 2026-07-16"
KazanMall,Levi's,официальный сайт,javascript:void(0);,"подтверждено официальным сайтом, автосверка 2026-07-16"
KazanMall,Lexmer,официальный сайт,javascript:void(0);,"подтверждено официальным сайтом, автосверка 2026-07-16"
KazanMall,LIME,официальный сайт,javascript:void(0);,"подтверждено официальным сайтом, автосверка 2026-07-16"
KazanMall,LOLOCLO,официальный сайт,javascript:void(0);,"подтверждено официальным сайтом, автосверка 2026-07-16"
KazanMall,Love Republic,официальный сайт,javascript:void(0);,"подтверждено официальным сайтом, автосверка 2026-07-16"
KazanMall,M.Reason,официальный сайт,javascript:void(0);,"подтверждено официальным сайтом, автосверка 2026-07-16"
KazanMall,Marmalato,официальный сайт,javascript:void(0);,"подтверждено официальным сайтом, автосверка 2026-07-16"
KazanMall,Milavitsa,официальный сайт,javascript:void(0);,"подтверждено официальным сайтом, автосверка 2026-07-16"
KazanMall,MIUZ Diamonds,официальный сайт,javascript:void(0);,"подтверждено официальным сайтом, автосверка 2026-07-16"
KazanMall,MO,официальный сайт,javascript:void(0);,"подтверждено официальным сайтом, автосверка 2026-07-16"
KazanMall,Molecule,официальный сайт,javascript:void(0);,"подтверждено официальным сайтом, автосверка 2026-07-16"
KazanMall,MOVE,официальный сайт,javascript:void(0);,"подтверждено официальным сайтом, автосверка 2026-07-16"
KazanMall,Mustang,официальный сайт,javascript:void(0);,"подтверждено официальным сайтом, автосверка 2026-07-16"
KazanMall,MY COLLECTION,официальный сайт,javascript:void(0);,"подтверждено официальным сайтом, автосверка 2026-07-16"
KazanMall,NO ONE,официальный сайт,javascript:void(0);,"подтверждено официальным сайтом, автосверка 2026-07-16"
KazanMall,Nomination,официальный сайт,javascript:void(0);,"подтверждено официальным сайтом, автосверка 2026-07-16"
KazanMall,NOUN,официальный сайт,javascript:void(0);,"подтверждено официальным сайтом, автосверка 2026-07-16"
KazanMall,O DA BRANDS,официальный сайт,javascript:void(0);,"подтверждено официальным сайтом, автосверка 2026-07-16"
KazanMall,O'STIN,официальный сайт,javascript:void(0);,"подтверждено официальным сайтом, автосверка 2026-07-16"
KazanMall,ORMATEK,официальный сайт,javascript:void(0);,"подтверждено официальным сайтом, автосверка 2026-07-16"
KazanMall,PanClub,официальный сайт,javascript:void(0);,"подтверждено официальным сайтом, автосверка 2026-07-16"
KazanMall,Poison Drop,официальный сайт,javascript:void(0);,"подтверждено официальным сайтом, автосверка 2026-07-16"
KazanMall,Polaris,официальный сайт,javascript:void(0);,"подтверждено официальным сайтом, автосверка 2026-07-16"
KazanMall,Profcosmo,официальный сайт,javascript:void(0);,"подтверждено официальным сайтом, автосверка 2026-07-16"
KazanMall,Ralf Ringer,официальный сайт,javascript:void(0);,"подтверждено официальным сайтом, автосверка 2026-07-16"
KazanMall,RE,официальный сайт,javascript:void(0);,"подтверждено официальным сайтом, автосверка 2026-07-16"
KazanMall,Rendez-Vous,официальный сайт,javascript:void(0);,"подтверждено официальным сайтом, автосверка 2026-07-16"
KazanMall,restore:,официальный сайт,javascript:void(0);,"подтверждено официальным сайтом, автосверка 2026-07-16"
KazanMall,RICOCO,официальный сайт,javascript:void(0);,"подтверждено официальным сайтом, автосверка 2026-07-16"
KazanMall,Saboo,официальный сайт,javascript:void(0);,"подтверждено официальным сайтом, автосверка 2026-07-16"
KazanMall,Samsung,официальный сайт,javascript:void(0);,"подтверждено официальным сайтом, автосверка 2026-07-16"
KazanMall,Savage,официальный сайт,javascript:void(0);,"подтверждено официальным сайтом, автосверка 2026-07-16"
KazanMall,SELA,официальный сайт,javascript:void(0);,"подтверждено официальным сайтом, автосверка 2026-07-16"
KazanMall,SEVER,официальный сайт,javascript:void(0);,"подтверждено официальным сайтом, автосверка 2026-07-16"
KazanMall,ShapOchki,официальный сайт,javascript:void(0);,"подтверждено официальным сайтом, автосверка 2026-07-16"
KazanMall,SILVER SPOON,официальный сайт,javascript:void(0);,"подтверждено официальным сайтом, автосверка 2026-07-16"
KazanMall,Sisley,официальный сайт,javascript:void(0);,"подтверждено официальным сайтом, автосверка 2026-07-16"
KazanMall,StarBricks,официальный сайт,javascript:void(0);,"подтверждено официальным сайтом, автосверка 2026-07-16"
KazanMall,Street Beat,официальный сайт,javascript:void(0);,"подтверждено официальным сайтом, автосверка 2026-07-16"
KazanMall,Sun Tuna,официальный сайт,javascript:void(0);,"подтверждено официальным сайтом, автосверка 2026-07-16"
KazanMall,Sunlight,официальный сайт,javascript:void(0);,"подтверждено официальным сайтом, автосверка 2026-07-16"
KazanMall,SuperStep,официальный сайт,javascript:void(0);,"подтверждено официальным сайтом, автосверка 2026-07-16"
KazanMall,SUVARI,официальный сайт,javascript:void(0);,"подтверждено официальным сайтом, автосверка 2026-07-16"
KazanMall,Tefal,официальный сайт,javascript:void(0);,"подтверждено официальным сайтом, автосверка 2026-07-16"
KazanMall,Terranova,официальный сайт,javascript:void(0);,"подтверждено официальным сайтом, автосверка 2026-07-16"
KazanMall,Tezenis,официальный сайт,javascript:void(0);,"подтверждено официальным сайтом, автосверка 2026-07-16"
KazanMall,Togas,официальный сайт,javascript:void(0);,"подтверждено официальным сайтом, автосверка 2026-07-16"
KazanMall,Touch Market,официальный сайт,javascript:void(0);,"подтверждено официальным сайтом, автосверка 2026-07-16"
KazanMall,TWO FEET,официальный сайт,javascript:void(0);,"подтверждено официальным сайтом, автосверка 2026-07-16"
KazanMall,U.S. Polo Assn.,официальный сайт,javascript:void(0);,"подтверждено официальным сайтом, автосверка 2026-07-16"
KazanMall,XC,официальный сайт,javascript:void(0);,"подтверждено официальным сайтом, автосверка 2026-07-16"
KazanMall,Xiaomi,официальный сайт,javascript:void(0);,"подтверждено официальным сайтом, автосверка 2026-07-16"
KazanMall,Yamaguchi,официальный сайт,javascript:void(0);,"подтверждено официальным сайтом, автосверка 2026-07-16"
KazanMall,Yana Lukacher,официальный сайт,javascript:void(0);,"подтверждено официальным сайтом, автосверка 2026-07-16"
KazanMall,YOU WANNA,официальный сайт,javascript:void(0);,"подтверждено официальным сайтом, автосверка 2026-07-16"
KazanMall,Zarina,официальный сайт,javascript:void(0);,"подтверждено официальным сайтом, автосверка 2026-07-16"
KazanMall,Zolla,официальный сайт,javascript:void(0);,"подтверждено официальным сайтом, автосверка 2026-07-16"
KazanMall,Ананасовый Экспресс,официальный сайт,javascript:void(0);,"подтверждено официальным сайтом, автосверка 2026-07-16"
KazanMall,Винни-Пух,официальный сайт,javascript:void(0);,"подтверждено официальным сайтом, автосверка 2026-07-16"
KazanMall,Детский мир,официальный сайт,javascript:void(0);,"подтверждено официальным сайтом, автосверка 2026-07-16"
KazanMall,ЗАМОК СЛАДОСТЕЙ,официальный сайт,javascript:void(0);,"подтверждено официальным сайтом, автосверка 2026-07-16"
KazanMall,Золотое Яблоко,официальный сайт,javascript:void(0);,"подтверждено официальным сайтом, автосверка 2026-07-16"
KazanMall,Золотой Кристалл,официальный сайт,javascript:void(0);,"подтверждено официальным сайтом, автосверка 2026-07-16"
KazanMall,ИМПЕРИЯ,официальный сайт,javascript:void(0);,"подтверждено официальным сайтом, автосверка 2026-07-16"
KazanMall,Книга плюс,официальный сайт,javascript:void(0);,"подтверждено официальным сайтом, автосверка 2026-07-16"
KazanMall,Корд Оптика,официальный сайт,javascript:void(0);,"подтверждено официальным сайтом, автосверка 2026-07-16"
KazanMall,Лента,официальный сайт,javascript:void(0);,"подтверждено официальным сайтом, автосверка 2026-07-16"
KazanMall,МегаФон | YOTA,официальный сайт,javascript:void(0);,"подтверждено официальным сайтом, автосверка 2026-07-16"
KazanMall,Мир Кубиков,официальный сайт,javascript:void(0);,"подтверждено официальным сайтом, автосверка 2026-07-16"
KazanMall,НАШЕ ЗОЛОТО,официальный сайт,javascript:void(0);,"подтверждено официальным сайтом, автосверка 2026-07-16"
KazanMall,Пан Чемодан,официальный сайт,javascript:void(0);,"подтверждено официальным сайтом, автосверка 2026-07-16"
KazanMall,Подружка,официальный сайт,javascript:void(0);,"подтверждено официальным сайтом, автосверка 2026-07-16"
KazanMall,СВЯТАЯ,официальный сайт,javascript:void(0);,"подтверждено официальным сайтом, автосверка 2026-07-16"
KazanMall,СИН,официальный сайт,javascript:void(0);,"подтверждено официальным сайтом, автосверка 2026-07-16"
KazanMall,Снежная Королева,официальный сайт,javascript:void(0);,"подтверждено официальным сайтом, автосверка 2026-07-16"
KazanMall,Спортмастер,официальный сайт,javascript:void(0);,"подтверждено официальным сайтом, автосверка 2026-07-16"
KazanMall,Технопарк,официальный сайт,javascript:void(0);,"подтверждено официальным сайтом, автосверка 2026-07-16"
KazanMall,Фармленд,официальный сайт,javascript:void(0);,"подтверждено официальным сайтом, автосверка 2026-07-16"
KazanMall,Фитиль,официальный сайт,javascript:void(0);,"подтверждено официальным сайтом, автосверка 2026-07-16"
KazanMall,Четыре Лапы,официальный сайт,javascript:void(0);,"подтверждено официальным сайтом, автосверка 2026-07-16"
KazanMall,Чудо Остров,официальный сайт,javascript:void(0);,"подтверждено официальным сайтом, автосверка 2026-07-16"
KazanMall,ЭПЛ. Якутские бриллианты,официальный сайт,javascript:void(0);,"подтверждено официальным сайтом, автосверка 2026-07-16"
KazanMall,Яхонт,официальный сайт,javascript:void(0);,"подтверждено официальным сайтом, автосверка 2026-07-16"
